日付,DNSマッピング,IPアドレス,MACアドレス,ホスト名
2024-10-07T08:12:17.40,add,192.168.100.145,22:e7:ec:a3:24:dd,ip-192-168-100-145
2024-10-07T08:12:33.78,add,192.168.100.146,22:e8:21:dd:6b:42,ip-192-168-100-146
2024-10-07T08:14:42.37,add,192.168.100.149,f2:ba:d9:ef:c7:ee,ip-192-168-100-149
2024-10-08T08:23:42.40,add,192.168.100.145,22:e7:ec:a3:24:dd,ip-192-168-100-145
2024-10-08T08:29:11.08,add,192.168.100.150,3a:f1:07:9d:47:c1,ip-192-168-100-150
2024-10-08T08:38:56.18,add,192.168.100.151,26:5c:3f:ce:45:a5,pixel-6
2024-10-09T08:15:41.71,add,192.168.100.146,22:e8:21:dd:6b:42,ip-192-168-100-146
2024-10-09T08:41:50.11,add,192.168.100.150,3a:f1:07:9d:47:c1,ip-192-168-100-150
2024-10-09T08:55:42.37,add,192.168.100.149,f2:ba:d9:ef:c7:ee,ip-192-168-100-149
2024-10-10T08:17:21.30,add,192.168.100.145,22:e7:ec:a3:24:dd,ip-192-168-100-145
2024-10-10T08:33:31.37,add,192.168.100.149,f2:ba:d9:ef:c7:ee,ip-192-168-100-149
2024-10-10T08:46:13.19,add,192.168.100.151,26:5c:3f:ce:45:a5,pixel-6
2024-10-11T08:24:49.21,add,192.168.100.146,22:e8:21:dd:6b:42,ip-192-168-100-146
2024-10-11T08:28:36.37,add,192.168.100.151,26:5c:3f:ce:45:a5,pixel-6
2024-10-11T09:12:51.07,add,192.168.100.150,3a:f1:07:9d:47:c1,ip-192-168-100-150
